{
  "model_type": "logistic_regression_from_scratch",
  "target": "label_window_BZ",
  "features": [
    "temp_BZ",
    "delta_BZ",
    "roll_mean_BZ",
    "roll_std_BZ",
    "temp_EZ",
    "delta_EZ",
    "roll_mean_EZ",
    "roll_std_EZ",
    "temp_SZ",
    "delta_SZ",
    "roll_mean_SZ",
    "roll_std_SZ",
    "temp_WZ",
    "delta_WZ",
    "roll_mean_WZ",
    "roll_std_WZ",
    "fusion_mean_temp",
    "fusion_temp_spread"
  ],
  "scaler": {
    "means": [
      21.998211538461536,
      0.009721153846153848,
      21.977490384615386,
      0.05749038461538462,
      23.331086538461538,
      0.010240384615384615,
      23.303528846153846,
      0.04610576923076923,
      23.483451923076924,
      0.0005769230769230767,
      23.482798076923075,
      0.023701923076923075,
      23.66251923076923,
      -9.615384615384616e-06,
      23.662528846153847,
      0.015480769230769232,
      23.118865384615386,
      1.7024903846153845
    ],
    "stds": [
      0.26874833355751415,
      0.05999606665485042,
      0.25071447885502013,
      0.06323338869620951,
      0.2996539385619853,
      0.04211785095518099,
      0.2876677088349697,
      0.040910530492496856,
      0.11194202481364551,
      0.024365285956937047,
      0.10713178259720914,
      0.023741751526215254,
      0.09568377211189998,
      0.019121320758367574,
      0.09186507211988482,
      0.021856604691466906,
      0.12697471414633843,
      0.24701202848289938
    ]
  },
  "weights": [
    -1.2591731789638287,
    -1.8626513887952005,
    0.09139028900521193,
    0.9213809120872577,
    1.0008069725820616,
    0.11048405625832917,
    0.9263895690432536,
    -0.2740376847898427,
    -0.23087966320422715,
    0.01474432766591489,
    -0.2330071347969254,
    -0.6202587689581778,
    -0.13447820462506763,
    0.3919519150674061,
    0.2045151453963566,
    0.7554436414224234,
    -0.15407208056693944,
    0.638950295212772
  ],
  "bias": -3.8200729596296874,
  "threshold": 0.5,
  "metrics": {
    "train": {
      "accuracy": 0.99,
      "precision": 0.889,
      "recall": 1.0,
      "f1": 0.941,
      "true_positive": 8,
      "true_negative": 95,
      "false_positive": 1,
      "false_negative": 0
    },
    "test": {
      "accuracy": 0.983,
      "precision": 0.956,
      "recall": 0.977,
      "f1": 0.966,
      "true_positive": 43,
      "true_negative": 135,
      "false_positive": 2,
      "false_negative": 1
    }
  }
}